frame_rate,rot_sequence,skeleton,motion
59.48746193433268,"[0, 1, 2]","{'root': 'joint_0', 'joints': ['joint_0', 'joint_1', 'joint_2', 'joint_3', 'joint_4', 'joint_5', 'joint_6', 'joint_7', 'joint_8', 'joint_9', 'joint_10', 'joint_11', 'joint_12', 'joint_13', 'joint_14', 'joint_15', 'joint_16', 'joint_17', 'joint_18', 'joint_19', 'joint_20', 'joint_21', 'joint_22'], 'parents': [-1, 0, 1, 2, 3, 0, 5, 6, 7, 0, 9, 10, 11, 12, 13, 14, 15, 12, 17, 18, 19, 12, 21], 'children': [[1, 5, 9], [2], [3], [4], [], [6], [7], [8], [], [10], [11], [12], [13, 17, 21], [14], [15], [16], [], [18], [19], [20], [], [22], []], 'offsets': array([[ 0.00000000e+00,  8.74641180e-01,  0.00000000e+00],
       [-7.72275790e-02,  1.95940768e-04, -6.90339689e-05],
       [ 8.04865380e-07, -4.01739436e-01, -1.04999961e-05],
       [-8.00550804e-06, -3.91532438e-01, -4.52999892e-07],
       [-2.82585205e-04, -6.53300058e-02,  1.43044374e-01],
       [ 7.72360460e-02,  2.00893640e-06,  5.09931123e-05],
       [ 2.58455075e-06, -4.01746382e-01, -1.07872815e-05],
       [-8.11249333e-07, -3.91543655e-01, -7.61671561e-06],
       [ 5.61641618e-05, -6.50770200e-02,  1.46479673e-01],
       [-1.15754619e-06,  9.37425885e-02, -1.04151517e-02],
       [-9.73067001e-07,  1.03581644e-01,  3.11107224e-07],
       [-8.80518670e-07,  9.45717781e-02, -3.91890715e-05],
       [-7.85409144e-07,  9.44651856e-02, -3.93915126e-05],
       [ 2.91066977e-02,  7.39300213e-02, -4.36958500e-04],
       [ 1.35521149e-01, -4.14734280e-06,  1.93453181e-06],
       [ 2.90790812e-01, -8.97574825e-07,  8.96174237e-06],
       [ 2.37602360e-01, -1.10151226e-05, -9.14614696e-06],
       [-2.86778142e-02,  7.39303916e-02, -4.36874012e-04],
       [-1.35521065e-01, -5.98007375e-06, -7.41143237e-07],
       [-2.90759596e-01, -9.29914267e-06, -1.75843488e-05],
       [-2.37548143e-01,  4.35000124e-06, -2.10571679e-05],
       [-9.82943744e-07,  1.32422200e-01, -1.30756485e-07],
       [-6.85548126e-08,  8.79563471e-02,  8.49735164e-05]])}","{'times': {'joint_0': array([  1.27735782,   1.29416808,   1.31097835, ..., 133.79267691,
       133.80948717, 133.82629744]), 'joint_1': array([  1.27735782,   1.29416808,   1.31097835, ..., 133.79267691,
       133.80948717, 133.82629744]), 'joint_2': array([  1.27735782,   1.29416808,   1.31097835, ..., 133.79267691,
       133.80948717, 133.82629744]), 'joint_3': array([  1.27735782,   1.29416808,   1.31097835, ..., 133.79267691,
       133.80948717, 133.82629744]), 'joint_4': array([  1.27735782,   1.29416808,   1.31097835, ..., 133.79267691,
       133.80948717, 133.82629744]), 'joint_5': array([  1.27735782,   1.29416808,   1.31097835, ..., 133.79267691,
       133.80948717, 133.82629744]), 'joint_6': array([  1.27735782,   1.29416808,   1.31097835, ..., 133.79267691,
       133.80948717, 133.82629744]), 'joint_7': array([  1.27735782,   1.29416808,   1.31097835, ..., 133.79267691,
       133.80948717, 133.82629744]), 'joint_8': array([  1.27735782,   1.29416808,   1.31097835, ..., 133.79267691,
       133.80948717, 133.82629744]), 'joint_9': array([  1.27735782,   1.29416808,   1.31097835, ..., 133.79267691,
       133.80948717, 133.82629744]), 'joint_10': array([  1.27735782,   1.29416808,   1.31097835, ..., 133.79267691,
       133.80948717, 133.82629744]), 'joint_11': array([  1.27735782,   1.29416808,   1.31097835, ..., 133.79267691,
       133.80948717, 133.82629744]), 'joint_12': array([  1.27735782,   1.29416808,   1.31097835, ..., 133.79267691,
       133.80948717, 133.82629744]), 'joint_13': array([  1.27735782,   1.29416808,   1.31097835, ..., 133.79267691,
       133.80948717, 133.82629744]), 'joint_14': array([  1.27735782,   1.29416808,   1.31097835, ..., 133.79267691,
       133.80948717, 133.82629744]), 'joint_15': array([  1.27735782,   1.29416808,   1.31097835, ..., 133.79267691,
       133.80948717, 133.82629744]), 'joint_16': array([  1.27735782,   1.29416808,   1.31097835, ..., 133.79267691,
       133.80948717, 133.82629744]), 'joint_17': array([  1.27735782,   1.29416808,   1.31097835, ..., 133.79267691,
       133.80948717, 133.82629744]), 'joint_18': array([  1.27735782,   1.29416808,   1.31097835, ..., 133.79267691,
       133.80948717, 133.82629744]), 'joint_19': array([  1.27735782,   1.29416808,   1.31097835, ..., 133.79267691,
       133.80948717, 133.82629744]), 'joint_20': array([  1.27735782,   1.29416808,   1.31097835, ..., 133.79267691,
       133.80948717, 133.82629744]), 'joint_21': array([  1.27735782,   1.29416808,   1.31097835, ..., 133.79267691,
       133.80948717, 133.82629744]), 'joint_22': array([  1.27735782,   1.29416808,   1.31097835, ..., 133.79267691,
       133.80948717, 133.82629744])}, 'pos_world': array([[[ 0.09101962,  0.87464118,  0.09698644],
        [ 0.01455272,  0.87824238,  0.10718388],
        [ 0.00697895,  0.47703436,  0.08796568],
        ...,
        [-0.08256985,  0.79169097,  0.2339128 ],
        [ 0.11650759,  1.38889404,  0.14709747],
        [ 0.12272869,  1.47245287,  0.17384717]],

       [[ 0.09106832,  0.87464957,  0.0971965 ],
        [ 0.01460476,  0.87826826,  0.10741272],
        [ 0.00701279,  0.47706955,  0.08800824],
        ...,
        [-0.08264517,  0.79178544,  0.23390302],
        [ 0.11646409,  1.38894582,  0.14705174],
        [ 0.12265168,  1.47250065,  0.1738217 ]],

       [[ 0.09113383,  0.87466161,  0.09747341],
        [ 0.01467456,  0.87830135,  0.1077142 ],
        [ 0.00705819,  0.47711436,  0.08807845],
        ...,
        [-0.08274088,  0.79190529,  0.23390144],
        [ 0.116411  ,  1.38901202,  0.14700825],
        [ 0.12255609,  1.47256183,  0.17380366]],

       ...,

       [[ 0.56453645,  0.8777678 ,  0.35992402],
        [ 0.6386528 ,  0.88294337,  0.33884981],
        [ 0.64516384,  0.48143813,  0.3509214 ],
        ...,
        [ 0.57903038,  0.98921228,  0.48472958],
        [ 0.56186567,  1.3948369 ,  0.37215527],
        [ 0.55794055,  1.47860912,  0.3456386 ]],

       [[ 0.56453645,  0.8777678 ,  0.35992402],
        [ 0.6386528 ,  0.88294337,  0.33884981],
        [ 0.64516384,  0.48143813,  0.3509214 ],
        ...,
        [ 0.57903038,  0.98921228,  0.48472958],
        [ 0.56186567,  1.3948369 ,  0.37215527],
        [ 0.55794055,  1.47860912,  0.3456386 ]],

       [[ 0.56453645,  0.8777678 ,  0.35992402],
        [ 0.6386528 ,  0.88294337,  0.33884981],
        [ 0.64516384,  0.48143813,  0.3509214 ],
        ...,
        [ 0.57903038,  0.98921228,  0.48472958],
        [ 0.56186567,  1.3948369 ,  0.37215527],
        [ 0.55794055,  1.47860912,  0.3456386 ]]]), 'pos_local': array([[[ 9.10196155e-02,  8.74641180e-01,  9.69864354e-02],
        [-7.72378495e-02,  1.07412188e-04, -9.37370003e-05],
        [-3.00206166e-07, -4.01760487e-01, -9.35150667e-06],
        ...,
        [-2.37667743e-01,  2.76923312e-09,  5.31495127e-08],
        [ 2.43916569e-08,  1.32430795e-01, -5.77935630e-08],
        [-1.48130448e-08,  8.79609828e-02,  8.58159947e-05]],

       [[ 9.10683241e-02,  8.74649575e-01,  9.71965004e-02],
        [-7.72378207e-02,  1.08004111e-04, -9.28178633e-05],
        [-1.72439644e-07, -4.01760602e-01, -9.43614342e-06],
        ...,
        [-2.37668029e-01, -8.22553334e-08,  8.23969649e-08],
        [-1.30063248e-08,  1.32430742e-01, -5.71364895e-08],
        [-4.14125890e-08,  8.79610311e-02,  8.58118950e-05]],

       [[ 9.11338324e-02,  8.74661607e-01,  9.74734109e-02],
        [-7.72377989e-02,  1.09966295e-04, -9.05779686e-05],
        [ 8.71318736e-08, -4.01760886e-01, -2.01257712e-05],
        ...,
        [-2.37668380e-01, -4.04636062e-07,  3.57890310e-08],
        [-2.76269764e-06,  1.32430733e-01, -1.11428975e-06],
        [-2.21750013e-06,  8.79610789e-02,  8.67608669e-05]],

       ...,

       [[ 5.64536452e-01,  8.77767801e-01,  3.59924018e-01],
        [-7.66544828e-02,  3.15061109e-04,  4.79923604e-04],
        [-3.31195939e-04, -4.01585024e-01, -6.64710048e-04],
        ...,
        [-2.37621103e-01, -2.83859169e-04,  2.53382693e-04],
        [-1.16554475e-08,  1.32430789e-01,  1.43246792e-08],
        [ 1.81342144e-08,  8.79609649e-02,  8.58682316e-05]],

       [[ 5.64536452e-01,  8.77767801e-01,  3.59924018e-01],
        [-7.66544828e-02,  3.15061109e-04,  4.79923604e-04],
        [-3.31195939e-04, -4.01585024e-01, -6.64710048e-04],
        ...,
        [-2.37621103e-01, -2.83859169e-04,  2.53382693e-04],
        [-1.16554475e-08,  1.32430789e-01,  1.43246792e-08],
        [ 1.81342144e-08,  8.79609649e-02,  8.58682316e-05]],

       [[ 5.64536452e-01,  8.77767801e-01,  3.59924018e-01],
        [-7.66544828e-02,  3.15061109e-04,  4.79923604e-04],
        [-3.31195939e-04, -4.01585024e-01, -6.64710048e-04],
        ...,
        [-2.37621103e-01, -2.83859169e-04,  2.53382693e-04],
        [-1.16554475e-08,  1.32430789e-01,  1.43246792e-08],
        [ 1.81342144e-08,  8.79609649e-02,  8.58682316e-05]]]), 'rot_world': array([[[ 9.84264611e-01,  1.62342876e-01,  6.17360770e-02,
         -3.25057506e-02],
        [ 9.97601299e-01,  2.44702943e-02,  6.42719993e-02,
         -7.87167870e-03],
        [ 9.96906784e-01,  4.59600516e-02,  6.28155835e-02,
         -1.08968173e-02],
        ...,
        [ 6.99535366e-01,  1.99611756e-01,  1.98905367e-01,
          6.56690242e-01],
        [ 9.84989866e-01,  1.55683120e-01,  7.03311616e-02,
         -2.47236197e-02],
        [ 9.96461928e-01,  8.24987364e-02,  2.71201734e-05,
         -1.60494078e-02]],

       [[ 9.84350133e-01,  1.61757138e-01,  6.18594343e-02,
         -3.26014592e-02],
        [ 9.97592300e-01,  2.47037202e-02,  6.43215601e-02,
         -7.87818707e-03],
        [ 9.96900286e-01,  4.61652784e-02,  6.27678095e-02,
         -1.08990080e-02],
        ...,
        [ 6.99528785e-01,  1.99577812e-01,  1.98925224e-01,
          6.56701554e-01],
        [ 9.84994192e-01,  1.55781988e-01,  7.01092149e-02,
         -2.45583489e-02],
        [ 9.96431838e-01,  8.28763742e-02, -2.39475728e-04,
         -1.59700139e-02]],

       [[ 9.84456432e-01,  1.61023074e-01,  6.20218065e-02,
         -3.27169489e-02],
        [ 9.97580684e-01,  2.49937302e-02,  6.43884102e-02,
         -7.88833777e-03],
        [ 9.96891764e-01,  4.64180752e-02,  6.27157573e-02,
         -1.09044561e-02],
        ...,
        [ 6.99522241e-01,  1.99532482e-01,  1.98936981e-01,
          6.56718738e-01],
        [ 9.84999267e-01,  1.55906318e-01,  6.98344140e-02,
         -2.43478570e-02],
        [ 9.96393821e-01,  8.33508551e-02, -5.65968519e-04,
         -1.58640479e-02]],

       ...,

       [[ 1.39291392e-01,  2.83649566e-02, -9.89384957e-01,
         -3.01785360e-02],
        [ 1.70006615e-01,  5.43054111e-03, -9.85295239e-01,
          1.61725529e-02],
        [-1.77411219e-01, -1.64885856e-02,  9.82417523e-01,
         -5.57601672e-02],
        ...,
        [ 7.44211728e-01, -6.64990081e-01,  4.02716266e-02,
         -4.81174867e-02],
        [-8.80972345e-02, -8.84849633e-03,  9.84174965e-01,
         -1.53493385e-01],
        [-7.79978581e-02, -6.42348286e-03,  9.96090203e-01,
         -4.09802364e-02]],

       [[ 1.39291392e-01,  2.83649566e-02, -9.89384957e-01,
         -3.01785360e-02],
        [ 1.70006615e-01,  5.43054111e-03, -9.85295239e-01,
          1.61725529e-02],
        [-1.77411219e-01, -1.64885856e-02,  9.82417523e-01,
         -5.57601672e-02],
        ...,
        [ 7.44211728e-01, -6.64990081e-01,  4.02716266e-02,
         -4.81174867e-02],
        [-8.80972345e-02, -8.84849633e-03,  9.84174965e-01,
         -1.53493385e-01],
        [-7.79978581e-02, -6.42348286e-03,  9.96090203e-01,
         -4.09802364e-02]],

       [[ 1.39291392e-01,  2.83649566e-02, -9.89384957e-01,
         -3.01785360e-02],
        [ 1.70006615e-01,  5.43054111e-03, -9.85295239e-01,
          1.61725529e-02],
        [-1.77411219e-01, -1.64885856e-02,  9.82417523e-01,
         -5.57601672e-02],
        ...,
        [ 7.44211728e-01, -6.64990081e-01,  4.02716266e-02,
         -4.81174867e-02],
        [-8.80972345e-02, -8.84849633e-03,  9.84174965e-01,
         -1.53493385e-01],
        [-7.79978581e-02, -6.42348286e-03,  9.96090203e-01,
         -4.09802364e-02]]]), 'rot_local': array([[[ 0.98426461,  0.16234288,  0.06173608, -0.03250575],
        [ 0.99010001, -0.13947146,  0.00119018,  0.01575656],
        [ 0.99976322,  0.0216611 , -0.00131315, -0.00160652],
        ...,
        [ 0.99359049,  0.0493181 , -0.06286888,  0.07995729],
        [ 0.99081901,  0.12950543, -0.03799891,  0.00788148],
        [ 0.99474727, -0.07274378, -0.07051457,  0.01462565]],

       [[ 0.98435013,  0.16175714,  0.06185943, -0.03260146],
        [ 0.99021185, -0.1386602 ,  0.00113547,  0.01589176],
        [ 0.99976369,  0.02163353, -0.00141105, -0.00160018],
        ...,
        [ 0.99359252,  0.04932178, -0.06285157,  0.07994335],
        [ 0.99079918,  0.12965307, -0.03801675,  0.00786124],
        [ 0.99476563, -0.07246786, -0.07054747,  0.01458805]],

       [[ 0.98445643,  0.16102307,  0.06202181, -0.03271695],
        [ 0.99035086, -0.13764561,  0.00106334,  0.01605421],
        [ 0.99976431,  0.02159713, -0.00153063, -0.00159297],
        ...,
        [ 0.9935949 ,  0.04932294, -0.06283222,  0.0799283 ],
        [ 0.99077437,  0.1298382 , -0.03803654,  0.00783698],
        [ 0.99478884, -0.07212192, -0.07058395,  0.01454297]],

       ...,

       [[ 0.13929139,  0.02836496, -0.98938496, -0.03017854],
        [ 0.99818272,  0.04166985,  0.03158146,  0.02995821],
        [-0.99912372, -0.04089176, -0.0078211 ,  0.00430066],
        ...,
        [ 0.95261042, -0.2016776 ,  0.17183342, -0.14944164],
        [ 0.99409648,  0.10827322, -0.00625306, -0.00316075],
        [ 0.99354547, -0.11268581, -0.0116126 , -0.00586984]],

       [[ 0.13929139,  0.02836496, -0.98938496, -0.03017854],
        [ 0.99818272,  0.04166985,  0.03158146,  0.02995821],
        [-0.99912372, -0.04089176, -0.0078211 ,  0.00430066],
        ...,
        [ 0.95261042, -0.2016776 ,  0.17183342, -0.14944164],
        [ 0.99409648,  0.10827322, -0.00625306, -0.00316075],
        [ 0.99354547, -0.11268581, -0.0116126 , -0.00586984]],

       [[ 0.13929139,  0.02836496, -0.98938496, -0.03017854],
        [ 0.99818272,  0.04166985,  0.03158146,  0.02995821],
        [-0.99912372, -0.04089176, -0.0078211 ,  0.00430066],
        ...,
        [ 0.95261042, -0.2016776 ,  0.17183342, -0.14944164],
        [ 0.99409648,  0.10827322, -0.00625306, -0.00316075],
        [ 0.99354547, -0.11268581, -0.0116126 , -0.00586984]]]), 'rot_local_euler': array([[[ 1.85633113e+01,  7.59000214e+00, -2.54087534e+00],
        [-1.60305691e+01,  3.86862470e-01,  1.76899363e+00],
        [ 2.48261821e+00, -1.46452768e-01, -1.87310534e-01],
        ...,
        [ 5.09092411e+00, -7.63249415e+00,  8.86189542e+00],
        [ 1.48804548e+01, -4.43576967e+00,  3.31943367e-01],
        [-8.52305274e+00, -7.94141593e+00,  2.27740425e+00]],

       [[ 1.84941305e+01,  7.60423886e+00, -2.55405918e+00],
        [-1.59367447e+01,  3.81352676e-01,  1.78552318e+00],
        [ 2.47947552e+00, -1.57689035e-01, -1.86822287e-01],
        ...,
        [ 5.09159785e+00, -7.63047539e+00,  8.86032473e+00],
        [ 1.48976579e+01, -4.43754708e+00,  3.28710396e-01],
        [-8.49094267e+00, -7.94613492e+00,  2.27115384e+00]],

       [[ 1.84074645e+01,  7.62286248e+00, -2.56995833e+00],
        [-1.58194316e+01,  3.73900419e-01,  1.80549051e+00],
        [ 2.47532580e+00, -1.71413753e-01, -1.86287188e-01],
        ...,
        [ 5.09200730e+00, -7.62819434e+00,  8.85865324e+00],
        [ 1.49192231e+01, -4.43949761e+00,  3.24820988e-01],
        [-8.45068433e+00, -7.95148310e+00,  2.26350872e+00]],

       ...,

       [[ 1.75968361e+02, -1.58972817e+01, -1.76152489e+02],
        [ 4.88964716e+00,  3.47146496e+00,  3.58643924e+00],
        [ 4.68370179e+00,  9.15637651e-01, -4.55802141e-01],
        ...,
        [-2.68734425e+01,  1.54919245e+01, -2.15539241e+01],
        [ 1.24344449e+01, -6.73117591e-01, -4.37674326e-01],
        [-1.29351017e+01, -1.39805208e+00, -5.18502340e-01]],

       [[ 1.75968361e+02, -1.58972817e+01, -1.76152489e+02],
        [ 4.88964716e+00,  3.47146496e+00,  3.58643924e+00],
        [ 4.68370179e+00,  9.15637651e-01, -4.55802141e-01],
        ...,
        [-2.68734425e+01,  1.54919245e+01, -2.15539241e+01],
        [ 1.24344449e+01, -6.73117591e-01, -4.37674326e-01],
        [-1.29351017e+01, -1.39805208e+00, -5.18502340e-01]],

       [[ 1.75968361e+02, -1.58972817e+01, -1.76152489e+02],
        [ 4.88964716e+00,  3.47146496e+00,  3.58643924e+00],
        [ 4.68370179e+00,  9.15637651e-01, -4.55802141e-01],
        ...,
        [-2.68734425e+01,  1.54919245e+01, -2.15539241e+01],
        [ 1.24344449e+01, -6.73117591e-01, -4.37674326e-01],
        [-1.29351017e+01, -1.39805208e+00, -5.18502340e-01]]])}"
